age	previous_admissions	length_of_stay	diabetes	hypertension	readmitted
65	          2	               7	         1           	1	           1
32	          0	               3	          0          	0	           0
58	          1              	5	            1	          0	           1
25	          0	              2           	0	          0	           0
70	          3              	10	          1	          1           	1
45           	1             	4	            0	          1           	0
61	          2	              8            	1	          1	            1
29	          0	              2           	0	          0            	0
54           	1	              6	            1	          0            	1
38	          0              	3	            0         	0            	0
67           	2	              9	            1          	1           	1
41            0             	4            	0	          1	            0
73	          3              	11	          1	          1	            1
35	          0             	2	            0          	0           	0
59	          1	              7	            1          	0	            1
48	          0              	4	            0         	1	            0
62	          2	              8	            1	          1	            1
27	          0	              2           	0	          0	            0
56	          1	              5            	1	          0	            1
44	          0	              3	            0	          0	            0
